{
  "K": [
    [
      1162.7003820762732,
      0.0,
      198.2371430252433
    ],
    [
      0.0,
      1154.3435746180016,
      285.9793928681775
    ],
    [
      0.0,
      0.0,
      1.0
    ]
  ],
  "dist": [
    [
      -0.29018661702211745,
      -2.661209237154621,
      -0.0024951656423423253,
      0.005527946257462132,
      21.730683890919988
    ]
  ],
  "rms": 0.9128707405346542,
  "rmse": 0.15430328797142934
}